"categoria";"processo";"tipo_processo";"ordem";"sei";"tipo_documento";"data";"unidade";"arquivo";"bytes";"status"
"04 Compartilhamento de postes";"48500.028063/2026-63";"Outorga de Distribuição: Compartilhamento de Infraestrutura";"1";"0465873";"Carta 65";"21/09/2026";"PROTOCOLO-GERAL";"001_SEI_0465873_Carta_65.pdf";"373715";"ok"
"04 Compartilhamento de postes";"48500.028063/2026-63";"Outorga de Distribuição: Compartilhamento de Infraestrutura";"2";"0465874";"Contrato 51/2026";"24/09/2026";"PROTOCOLO-GERAL";"002_SEI_0465874_Contrato_51_2026.pdf";"7708607";"ok"
"04 Compartilhamento de postes";"48500.028063/2026-63";"Outorga de Distribuição: Compartilhamento de Infraestrutura";"3";"0465875";"Formulário";"21/07/2026";"PROTOCOLO-GERAL";"003_SEI_0465875_Formulario.pdf";"236048";"ok"
"04 Compartilhamento de postes";"48500.028123/2026-48";"Processo Externo - Pendente de Classificação pela Unidade Destinatária";"1";"0466287";"Carta";"24/09/2026";"PROTOCOLO-GERAL";"001_SEI_0466287_Carta.pdf";"186464";"ok"
"04 Compartilhamento de postes";"48500.028123/2026-48";"Processo Externo - Pendente de Classificação pela Unidade Destinatária";"2";"0466288";"Informação";"24/09/2026";"PROTOCOLO-GERAL";"002_SEI_0466288_Informacao.pdf";"928572";"ok"
"04 Compartilhamento de postes";"48500.028123/2026-48";"Processo Externo - Pendente de Classificação pela Unidade Destinatária";"3";"0466289";"Fotografia";"24/09/2026";"PROTOCOLO-GERAL";"003_SEI_0466289_Fotografia.pdf";"647147";"ok"
"04 Compartilhamento de postes";"48500.028056/2026-61";"Outorga de Distribuição: Compartilhamento de Infraestrutura";"1";"0465768";"Carta";"06/04/2026";"PROTOCOLO-GERAL";"001_SEI_0465768_Carta.pdf";"255961";"ok"
"04 Compartilhamento de postes";"48500.028056/2026-61";"Outorga de Distribuição: Compartilhamento de Infraestrutura";"2";"0465769";"Formulário";"24/09/2026";"PROTOCOLO-GERAL";"002_SEI_0465769_Formulario.pdf";"219486";"ok"
"04 Compartilhamento de postes";"48500.028056/2026-61";"Outorga de Distribuição: Compartilhamento de Infraestrutura";"3";"0465770";"Contrato";"28/06/2023";"PROTOCOLO-GERAL";"003_SEI_0465770_Contrato.pdf";"2402102";"ok"
"04 Compartilhamento de postes";"48500.027967/2026-71";"Outorga de Distribuição: Compartilhamento de Infraestrutura";"1";"0465206";"Carta 68";"23/09/2026";"PROTOCOLO-GERAL";"001_SEI_0465206_Carta_68.pdf";"371643";"ok"
"04 Compartilhamento de postes";"48500.027967/2026-71";"Outorga de Distribuição: Compartilhamento de Infraestrutura";"2";"0465207";"Formulário";"23/09/2026";"PROTOCOLO-GERAL";"002_SEI_0465207_Formulario.pdf";"325093";"ok"
"04 Compartilhamento de postes";"48500.027967/2026-71";"Outorga de Distribuição: Compartilhamento de Infraestrutura";"3";"0465208";"Contrato";"23/09/2026";"PROTOCOLO-GERAL";"003_SEI_0465208_Contrato.pdf";"3201438";"ok"
"04 Compartilhamento de postes";"48500.027982/2026-10";"Outorga de Distribuição: Compartilhamento de Infraestrutura";"1";"0465284";"Carta 69";"23/09/2026";"PROTOCOLO-GERAL";"001_SEI_0465284_Carta_69.pdf";"371069";"ok"
"04 Compartilhamento de postes";"48500.027982/2026-10";"Outorga de Distribuição: Compartilhamento de Infraestrutura";"2";"0465285";"Formulário";"23/09/2026";"PROTOCOLO-GERAL";"002_SEI_0465285_Formulario.pdf";"325088";"ok"
"04 Compartilhamento de postes";"48500.027982/2026-10";"Outorga de Distribuição: Compartilhamento de Infraestrutura";"3";"0465286";"Contrato";"23/09/2026";"PROTOCOLO-GERAL";"003_SEI_0465286_Contrato.pdf";"3132699";"ok"
"04 Compartilhamento de postes";"48500.027901/2026-81";"Outorga de Distribuição: Compartilhamento de Infraestrutura";"1";"0464813";"Carta 280";"23/09/2026";"PROTOCOLO-GERAL";"001_SEI_0464813_Carta_280.pdf";"178901";"ok"
"04 Compartilhamento de postes";"48500.027901/2026-81";"Outorga de Distribuição: Compartilhamento de Infraestrutura";"2";"0464814";"Formulário";"23/09/2026";"PROTOCOLO-GERAL";"002_SEI_0464814_Formulario.pdf";"194167";"ok"
"04 Compartilhamento de postes";"48500.027901/2026-81";"Outorga de Distribuição: Compartilhamento de Infraestrutura";"3";"0464815";"Recibo";"23/09/2026";"PROTOCOLO-GERAL";"003_SEI_0464815_Recibo.pdf";"77217";"ok"
"04 Compartilhamento de postes";"48500.027901/2026-81";"Outorga de Distribuição: Compartilhamento de Infraestrutura";"4";"0464816";"Termo";"23/09/2026";"PROTOCOLO-GERAL";"";"";"restrito"
"04 Compartilhamento de postes";"48500.027901/2026-81";"Outorga de Distribuição: Compartilhamento de Infraestrutura";"5";"0465248";"Termo";"23/09/2026";"PROTOCOLO-GERAL";"005_SEI_0465248_Termo.pdf";"80359";"ok"
"04 Compartilhamento de postes";"48500.027932/2026-32";"Outorga de Distribuição: Compartilhamento de Infraestrutura";"1";"0464955";"Carta 106";"17/09/2026";"PROTOCOLO-GERAL";"001_SEI_0464955_Carta_106.pdf";"372594";"ok"
"04 Compartilhamento de postes";"48500.027932/2026-32";"Outorga de Distribuição: Compartilhamento de Infraestrutura";"2";"0464956";"Formulário";"23/09/2026";"PROTOCOLO-GERAL";"002_SEI_0464956_Formulario.pdf";"325170";"ok"
"04 Compartilhamento de postes";"48500.027932/2026-32";"Outorga de Distribuição: Compartilhamento de Infraestrutura";"3";"0464957";"Contrato 108/2026";"23/09/2026";"PROTOCOLO-GERAL";"003_SEI_0464957_Contrato_108_2026.pdf";"1535398";"ok"
"04 Compartilhamento de postes";"48500.027922/2026-05";"Regulação da Distribuição: Pleitos sobre Serviços de Distribuição";"1";"0464886";"Carta 104";"17/09/2026";"PROTOCOLO-GERAL";"001_SEI_0464886_Carta_104.pdf";"373223";"ok"
"04 Compartilhamento de postes";"48500.027922/2026-05";"Regulação da Distribuição: Pleitos sobre Serviços de Distribuição";"2";"0464887";"Formulário";"23/09/2026";"PROTOCOLO-GERAL";"002_SEI_0464887_Formulario.pdf";"325936";"ok"
"04 Compartilhamento de postes";"48500.027922/2026-05";"Regulação da Distribuição: Pleitos sobre Serviços de Distribuição";"3";"0464888";"Contrato";"23/09/2026";"PROTOCOLO-GERAL";"003_SEI_0464888_Contrato.pdf";"7622983";"ok"
"04 Compartilhamento de postes";"48500.027983/2026-64";"Fiscalização Econômica e Financeira: Conformidade Regulatória";"1";"0465287";"Carta 252";"23/09/2026";"PROTOCOLO-GERAL";"001_SEI_0465287_Carta_252.pdf";"745858";"ok"
"04 Compartilhamento de postes";"48500.027912/2026-61";"Outorga de Distribuição: Compartilhamento de Infraestrutura";"1";"0464854";"Carta 105";"23/09/2026";"PROTOCOLO-GERAL";"001_SEI_0464854_Carta_105.pdf";"373021";"ok"
"04 Compartilhamento de postes";"48500.027912/2026-61";"Outorga de Distribuição: Compartilhamento de Infraestrutura";"2";"0464855";"Formulário";"23/09/2026";"PROTOCOLO-GERAL";"002_SEI_0464855_Formulario.pdf";"325338";"ok"
"04 Compartilhamento de postes";"48500.027912/2026-61";"Outorga de Distribuição: Compartilhamento de Infraestrutura";"3";"0464856";"Contrato";"23/09/2026";"PROTOCOLO-GERAL";"003_SEI_0464856_Contrato.pdf";"1540593";"ok"
"04 Compartilhamento de postes";"48500.027915/2026-03";"Outorga de Distribuição: Compartilhamento de Infraestrutura";"1";"0464862";"Carta 100";"17/09/2026";"PROTOCOLO-GERAL";"001_SEI_0464862_Carta_100.pdf";"372469";"ok"
"04 Compartilhamento de postes";"48500.027915/2026-03";"Outorga de Distribuição: Compartilhamento de Infraestrutura";"2";"0464863";"Formulário";"21/09/2026";"PROTOCOLO-GERAL";"002_SEI_0464863_Formulario.pdf";"325346";"ok"
"04 Compartilhamento de postes";"48500.027915/2026-03";"Outorga de Distribuição: Compartilhamento de Infraestrutura";"3";"0464864";"Contrato";"23/09/2026";"PROTOCOLO-GERAL";"003_SEI_0464864_Contrato.pdf";"3028099";"ok"
"04 Compartilhamento de postes";"48500.027924/2026-96";"Outorga de Distribuição: Compartilhamento de Infraestrutura";"1";"0464899";"Carta 101";"23/09/2026";"PROTOCOLO-GERAL";"001_SEI_0464899_Carta_101.pdf";"373418";"ok"
"04 Compartilhamento de postes";"48500.027924/2026-96";"Outorga de Distribuição: Compartilhamento de Infraestrutura";"2";"0464900";"Formulário";"21/09/2026";"PROTOCOLO-GERAL";"002_SEI_0464900_Formulario.pdf";"325298";"ok"
"04 Compartilhamento de postes";"48500.027924/2026-96";"Outorga de Distribuição: Compartilhamento de Infraestrutura";"3";"0464901";"Contrato";"18/05/2026";"PROTOCOLO-GERAL";"003_SEI_0464901_Contrato.pdf";"7804739";"ok"
"04 Compartilhamento de postes";"48500.027928/2026-74";"Outorga de Distribuição: Compartilhamento de Infraestrutura";"1";"0464921";"Carta 102";"23/09/2026";"PROTOCOLO-GERAL";"001_SEI_0464921_Carta_102.pdf";"373397";"ok"
"04 Compartilhamento de postes";"48500.027928/2026-74";"Outorga de Distribuição: Compartilhamento de Infraestrutura";"2";"0464922";"Formulário";"23/09/2026";"PROTOCOLO-GERAL";"002_SEI_0464922_Formulario.pdf";"325756";"ok"
"04 Compartilhamento de postes";"48500.027928/2026-74";"Outorga de Distribuição: Compartilhamento de Infraestrutura";"3";"0464923";"Contrato";"23/09/2026";"PROTOCOLO-GERAL";"003_SEI_0464923_Contrato.pdf";"3298851";"ok"
"04 Compartilhamento de postes";"48500.027804/2026-99";"Regulação da Distribuição: Pleitos sobre Serviços de Distribuição";"1";"0463795";"Carta 154";"18/09/2026";"PROTOCOLO-GERAL";"001_SEI_0463795_Carta_154.pdf";"370998";"ok"
"04 Compartilhamento de postes";"48500.027804/2026-99";"Regulação da Distribuição: Pleitos sobre Serviços de Distribuição";"2";"0463796";"Formulário";"22/09/2026";"PROTOCOLO-GERAL";"002_SEI_0463796_Formulario.pdf";"325803";"ok"
"04 Compartilhamento de postes";"48500.027804/2026-99";"Regulação da Distribuição: Pleitos sobre Serviços de Distribuição";"3";"0463797";"Contrato 114/2026";"22/09/2026";"PROTOCOLO-GERAL";"003_SEI_0463797_Contrato_114_2026.pdf";"3405379";"ok"
"04 Compartilhamento de postes";"48500.027813/2026-80";"Regulação da Distribuição: Pleitos sobre Serviços de Distribuição";"1";"0463838";"Carta 156";"18/09/2026";"PROTOCOLO-GERAL";"001_SEI_0463838_Carta_156.pdf";"372075";"ok"
"04 Compartilhamento de postes";"48500.027813/2026-80";"Regulação da Distribuição: Pleitos sobre Serviços de Distribuição";"2";"0463839";"Formulário";"22/09/2026";"PROTOCOLO-GERAL";"002_SEI_0463839_Formulario.pdf";"325741";"ok"
"04 Compartilhamento de postes";"48500.027813/2026-80";"Regulação da Distribuição: Pleitos sobre Serviços de Distribuição";"3";"0463840";"Contrato 126/2026";"22/09/2026";"PROTOCOLO-GERAL";"003_SEI_0463840_Contrato_126_2026.pdf";"3594601";"ok"
"04 Compartilhamento de postes";"48500.027697/2026-07";"Outorga de Distribuição: Compartilhamento de Infraestrutura";"1";"0462771";"Carta 343";"21/09/2026";"PROTOCOLO-GERAL";"001_SEI_0462771_Carta_343.pdf";"371563";"ok"
"04 Compartilhamento de postes";"48500.027697/2026-07";"Outorga de Distribuição: Compartilhamento de Infraestrutura";"2";"0462772";"Contrato";"22/09/2026";"PROTOCOLO-GERAL";"002_SEI_0462772_Contrato.pdf";"3225798";"ok"
"04 Compartilhamento de postes";"48500.027697/2026-07";"Outorga de Distribuição: Compartilhamento de Infraestrutura";"3";"0462773";"Formulário";"22/09/2026";"PROTOCOLO-GERAL";"003_SEI_0462773_Formulario.pdf";"325171";"ok"
"04 Compartilhamento de postes";"48500.027705/2026-15";"Outorga de Distribuição: Compartilhamento de Infraestrutura";"1";"0462823";"Carta 344";"22/09/2026";"PROTOCOLO-GERAL";"001_SEI_0462823_Carta_344.pdf";"371530";"ok"
"04 Compartilhamento de postes";"48500.027705/2026-15";"Outorga de Distribuição: Compartilhamento de Infraestrutura";"2";"0462824";"Contrato";"22/09/2026";"PROTOCOLO-GERAL";"002_SEI_0462824_Contrato.pdf";"3142920";"ok"
"04 Compartilhamento de postes";"48500.027705/2026-15";"Outorga de Distribuição: Compartilhamento de Infraestrutura";"3";"0462825";"Formulário";"22/09/2026";"PROTOCOLO-GERAL";"003_SEI_0462825_Formulario.pdf";"325755";"ok"
"04 Compartilhamento de postes";"48500.027706/2026-51";"Outorga de Distribuição: Compartilhamento de Infraestrutura";"1";"0462831";"Carta 345";"22/09/2026";"PROTOCOLO-GERAL";"001_SEI_0462831_Carta_345.pdf";"372899";"ok"
"04 Compartilhamento de postes";"48500.027706/2026-51";"Outorga de Distribuição: Compartilhamento de Infraestrutura";"2";"0462832";"Formulário";"22/09/2026";"PROTOCOLO-GERAL";"002_SEI_0462832_Formulario.pdf";"325279";"ok"
"04 Compartilhamento de postes";"48500.027706/2026-51";"Outorga de Distribuição: Compartilhamento de Infraestrutura";"3";"0462833";"Contrato";"22/09/2026";"PROTOCOLO-GERAL";"003_SEI_0462833_Contrato.pdf";"1720604";"ok"
"04 Compartilhamento de postes";"48500.027711/2026-64";"Outorga de Distribuição: Compartilhamento de Infraestrutura";"1";"0462867";"Carta 197";"22/09/2026";"PROTOCOLO-GERAL";"001_SEI_0462867_Carta_197.pdf";"372733";"ok"
"04 Compartilhamento de postes";"48500.027711/2026-64";"Outorga de Distribuição: Compartilhamento de Infraestrutura";"2";"0462868";"Formulário";"22/09/2026";"PROTOCOLO-GERAL";"002_SEI_0462868_Formulario.pdf";"325330";"ok"
"04 Compartilhamento de postes";"48500.027711/2026-64";"Outorga de Distribuição: Compartilhamento de Infraestrutura";"3";"0462869";"Contrato";"22/09/2026";"PROTOCOLO-GERAL";"003_SEI_0462869_Contrato.pdf";"1859719";"ok"
"04 Compartilhamento de postes";"48500.027712/2026-17";"Outorga de Distribuição: Compartilhamento de Infraestrutura";"1";"0462893";"Carta 346";"21/09/2026";"PROTOCOLO-GERAL";"001_SEI_0462893_Carta_346.pdf";"372736";"ok"
"04 Compartilhamento de postes";"48500.027712/2026-17";"Outorga de Distribuição: Compartilhamento de Infraestrutura";"2";"0462894";"Formulário";"22/09/2026";"PROTOCOLO-GERAL";"002_SEI_0462894_Formulario.pdf";"325315";"ok"
"04 Compartilhamento de postes";"48500.027712/2026-17";"Outorga de Distribuição: Compartilhamento de Infraestrutura";"3";"0462895";"Contrato";"22/09/2026";"PROTOCOLO-GERAL";"003_SEI_0462895_Contrato.pdf";"4399797";"ok"
"04 Compartilhamento de postes";"48500.027693/2026-11";"Outorga de Distribuição: Compartilhamento de Infraestrutura";"1";"0462754";"Carta 301";"21/09/2026";"PROTOCOLO-GERAL";"001_SEI_0462754_Carta_301.pdf";"372463";"ok"
"04 Compartilhamento de postes";"48500.027693/2026-11";"Outorga de Distribuição: Compartilhamento de Infraestrutura";"2";"0462755";"Formulário";"22/09/2026";"PROTOCOLO-GERAL";"002_SEI_0462755_Formulario.pdf";"325171";"ok"
"04 Compartilhamento de postes";"48500.027693/2026-11";"Outorga de Distribuição: Compartilhamento de Infraestrutura";"3";"0462756";"Contrato 368/2025";"22/09/2026";"PROTOCOLO-GERAL";"003_SEI_0462756_Contrato_368_2025.pdf";"3871341";"ok"
"04 Compartilhamento de postes";"48500.027759/2026-72";"Outorga de Distribuição: Compartilhamento de Infraestrutura";"1";"0463313";"Carta 152";"22/09/2026";"PROTOCOLO-GERAL";"001_SEI_0463313_Carta_152.pdf";"373115";"ok"
"04 Compartilhamento de postes";"48500.027759/2026-72";"Outorga de Distribuição: Compartilhamento de Infraestrutura";"2";"0463314";"Formulário";"22/09/2026";"PROTOCOLO-GERAL";"002_SEI_0463314_Formulario.pdf";"325812";"ok"
"04 Compartilhamento de postes";"48500.027759/2026-72";"Outorga de Distribuição: Compartilhamento de Infraestrutura";"3";"0463315";"Contrato";"22/09/2026";"PROTOCOLO-GERAL";"003_SEI_0463315_Contrato.pdf";"2059297";"ok"
"04 Compartilhamento de postes";"48500.027761/2026-41";"Outorga de Distribuição: Compartilhamento de Infraestrutura";"1";"0463337";"Carta 153";"22/09/2026";"PROTOCOLO-GERAL";"001_SEI_0463337_Carta_153.pdf";"371953";"ok"
"04 Compartilhamento de postes";"48500.027761/2026-41";"Outorga de Distribuição: Compartilhamento de Infraestrutura";"2";"0463338";"Contrato";"22/09/2026";"PROTOCOLO-GERAL";"002_SEI_0463338_Contrato.pdf";"3438159";"ok"
"04 Compartilhamento de postes";"48500.027761/2026-41";"Outorga de Distribuição: Compartilhamento de Infraestrutura";"3";"0463339";"Formulário";"22/09/2026";"PROTOCOLO-GERAL";"003_SEI_0463339_Formulario.pdf";"325764";"ok"
"04 Compartilhamento de postes";"48500.900503/2024-56";"Regulação da Distribuição: Pleitos sobre Serviços de Distribuição";"1";"0014404";"Termo de Migração";"19/03/2025";"DIR - RLT";"001_SEI_0014404_Termo_de_Migracao.html";"58633";"ok"
"04 Compartilhamento de postes";"48500.900503/2024-56";"Regulação da Distribuição: Pleitos sobre Serviços de Distribuição";"2";"0033495";"Nota Técnica Conjunta 1";"03/02/2025";"STD";"002_SEI_0033495_Nota_Tecnica_Conjunta_1.html";"1007827";"ok"
"04 Compartilhamento de postes";"48500.900503/2024-56";"Regulação da Distribuição: Pleitos sobre Serviços de Distribuição";"3";"0036229";"Anexo";"27/01/2025";"STD";"003_SEI_0036229_Anexo.pdf";"344860";"ok"
"04 Compartilhamento de postes";"48500.900503/2024-56";"Regulação da Distribuição: Pleitos sobre Serviços de Distribuição";"4";"0036234";"Anexo";"27/01/2025";"STD";"004_SEI_0036234_Anexo.pdf";"215111";"ok"
"04 Compartilhamento de postes";"48500.900503/2024-56";"Regulação da Distribuição: Pleitos sobre Serviços de Distribuição";"5";"0036239";"Anexo";"27/01/2025";"STD";"005_SEI_0036239_Anexo.pdf";"607142";"ok"
"04 Compartilhamento de postes";"48500.900503/2024-56";"Regulação da Distribuição: Pleitos sobre Serviços de Distribuição";"6";"0036243";"Anexo";"27/01/2025";"STD";"006_SEI_0036243_Anexo.pdf";"679835";"ok"
"04 Compartilhamento de postes";"48500.900503/2024-56";"Regulação da Distribuição: Pleitos sobre Serviços de Distribuição";"7";"0036532";"Anexo";"28/01/2025";"STD";"007_SEI_0036532_Anexo.pdf";"581898";"ok"
"04 Compartilhamento de postes";"48500.900503/2024-56";"Regulação da Distribuição: Pleitos sobre Serviços de Distribuição";"8";"0037388";"Relatório de Análise de Impacto Regulatório 1";"03/02/2025";"STD";"008_SEI_0037388_Relatorio_de_Analise_de_Impacto_Regulatorio_1.html";"594605";"ok"
"04 Compartilhamento de postes";"48500.900503/2024-56";"Regulação da Distribuição: Pleitos sobre Serviços de Distribuição";"9";"0040999";"Memória";"03/01/2025";"DIR - RLT";"009_SEI_0040999_Memoria.pdf";"5136494";"ok"
"04 Compartilhamento de postes";"48500.900503/2024-56";"Regulação da Distribuição: Pleitos sobre Serviços de Distribuição";"10";"0048942";"Requerimento de Inclusão em Pauta";"18/02/2025";"DIR - RLT";"010_SEI_0048942_Requerimento_de_Inclusao_em_Pauta.html";"66281";"ok"
"04 Compartilhamento de postes";"48500.900503/2024-56";"Regulação da Distribuição: Pleitos sobre Serviços de Distribuição";"11";"0049144";"Voto";"18/02/2025";"DIR - RLT";"011_SEI_0049144_Voto.html";"375461";"ok"
"04 Compartilhamento de postes";"48500.900503/2024-56";"Regulação da Distribuição: Pleitos sobre Serviços de Distribuição";"12";"0049307";"Aviso de Consulta Pública";"18/02/2025";"SMA";"012_SEI_0049307_Aviso_de_Consulta_Publica.html";"82927";"ok"
"04 Compartilhamento de postes";"48500.900503/2024-56";"Regulação da Distribuição: Pleitos sobre Serviços de Distribuição";"13";"0049591";"Lista";"17/02/2025";"ASD - Apoio";"013_SEI_0049591_Lista.pdf";"2329499";"ok"
"04 Compartilhamento de postes";"48500.900503/2024-56";"Regulação da Distribuição: Pleitos sobre Serviços de Distribuição";"14";"0053847";"Extrato da Decisão da Diretoria";"27/02/2025";"SGE - Publicação";"014_SEI_0053847_Extrato_da_Decisao_da_Diretoria.html";"68798";"ok"
"04 Compartilhamento de postes";"48500.900503/2024-56";"Regulação da Distribuição: Pleitos sobre Serviços de Distribuição";"16";"0070074";"Aviso de Prorrogação da Consulta Pública";"19/03/2025";"SMA";"016_SEI_0070074_Aviso_de_Prorrogacao_da_Consulta_Publica.html";"67869";"ok"
"04 Compartilhamento de postes";"48500.900503/2024-56";"Regulação da Distribuição: Pleitos sobre Serviços de Distribuição";"88";"0401439";"Memória";"08/07/2026";"GAB - APOIO";"088_SEI_0401439_Memoria.pdf";"3520728";"ok"
"04 Compartilhamento de postes";"48500.900503/2024-56";"Regulação da Distribuição: Pleitos sobre Serviços de Distribuição";"89";"0401705";"Memorando 60";"09/07/2026";"GAB II - AMAC";"089_SEI_0401705_Memorando_60.html";"94446";"ok"
"04 Compartilhamento de postes";"48500.900503/2024-56";"Regulação da Distribuição: Pleitos sobre Serviços de Distribuição";"90";"0404158";"Memória";"10/07/2026";"GAB - APOIO";"090_SEI_0404158_Memoria.pdf";"636741";"ok"
"04 Compartilhamento de postes";"48500.900503/2024-56";"Regulação da Distribuição: Pleitos sobre Serviços de Distribuição";"91";"0413902";"Memorando Conjunto 9";"23/07/2026";"SMA";"091_SEI_0413902_Memorando_Conjunto_9.html";"149606";"ok"
"04 Compartilhamento de postes";"48500.900503/2024-56";"Regulação da Distribuição: Pleitos sobre Serviços de Distribuição";"92";"0418418";"Termo de Cancelamento de Documento";"30/07/2026";"GAB II - AMAC";"092_SEI_0418418_Termo_de_Cancelamento_de_Documento.html";"87059";"ok"
"04 Compartilhamento de postes";"48500.900503/2024-56";"Regulação da Distribuição: Pleitos sobre Serviços de Distribuição";"93";"0424092";"Termo de Cancelamento de Documento";"07/08/2026";"PROCURADORIA FEDERAL";"093_SEI_0424092_Termo_de_Cancelamento_de_Documento.html";"87140";"ok"
"04 Compartilhamento de postes";"48500.900503/2024-56";"Regulação da Distribuição: Pleitos sobre Serviços de Distribuição";"94";"0423854";"Lista";"29/07/2026";"PROCURADORIA FEDERAL";"094_SEI_0423854_Lista.pdf";"3550072";"ok"
"04 Compartilhamento de postes";"48500.900503/2024-56";"Regulação da Distribuição: Pleitos sobre Serviços de Distribuição";"95";"0418274";"Lista";"29/07/2026";"PROCURADORIA FEDERAL";"095_SEI_0418274_Lista.pdf";"970954";"ok"
"04 Compartilhamento de postes";"48500.900503/2024-56";"Regulação da Distribuição: Pleitos sobre Serviços de Distribuição";"97";"0420565";"Memorando Conjunto 10";"03/08/2026";"SMA";"097_SEI_0420565_Memorando_Conjunto_10.html";"139393";"ok"
"04 Compartilhamento de postes";"48500.900503/2024-56";"Regulação da Distribuição: Pleitos sobre Serviços de Distribuição";"98";"0418275";"Memorando 63";"04/08/2026";"GAB II - AMAC";"098_SEI_0418275_Memorando_63.html";"94707";"ok"
"04 Compartilhamento de postes";"48500.900503/2024-56";"Regulação da Distribuição: Pleitos sobre Serviços de Distribuição";"99";"0421730";"Anexo 1 do memorando 63";"04/08/2026";"GAB II - AMAC";"099_SEI_0421730_Anexo_1_do_memorando_63.pdf";"432789";"ok"
"04 Compartilhamento de postes";"48500.900503/2024-56";"Regulação da Distribuição: Pleitos sobre Serviços de Distribuição";"100";"0421744";"Anexo 2 do memorando 63";"04/08/2026";"GAB II - AMAC";"100_SEI_0421744_Anexo_2_do_memorando_63.pdf";"317562";"ok"
"04 Compartilhamento de postes";"48500.900503/2024-56";"Regulação da Distribuição: Pleitos sobre Serviços de Distribuição";"102";"0422527";"Memorando 67";"05/08/2026";"GAB II - AMAC";"102_SEI_0422527_Memorando_67.html";"92371";"ok"
"04 Compartilhamento de postes";"48500.900503/2024-56";"Regulação da Distribuição: Pleitos sobre Serviços de Distribuição";"103";"0423690";"Memorando Conjunto 11";"11/08/2026";"SMA";"103_SEI_0423690_Memorando_Conjunto_11.html";"139370";"ok"
"04 Compartilhamento de postes";"48500.900503/2024-56";"Regulação da Distribuição: Pleitos sobre Serviços de Distribuição";"104";"0435299";"Memorando 71";"20/08/2026";"GAB II - AMAC";"104_SEI_0435299_Memorando_71.html";"90718";"ok"
"04 Compartilhamento de postes";"48500.900503/2024-56";"Regulação da Distribuição: Pleitos sobre Serviços de Distribuição";"105";"0438970";"Memorando Conjunto 11";"24/08/2026";"STD";"105_SEI_0438970_Memorando_Conjunto_11.html";"128403";"ok"
"04 Compartilhamento de postes";"48500.900503/2024-56";"Regulação da Distribuição: Pleitos sobre Serviços de Distribuição";"106";"0450551";"Parecer Jurídico 218";"03/09/2026";"PROCURADORIA FEDERAL";"106_SEI_0450551_Parecer_Juridico_218.pdf";"313663";"ok"
"04 Compartilhamento de postes";"48500.900503/2024-56";"Regulação da Distribuição: Pleitos sobre Serviços de Distribuição";"109";"0458654";"Memória";"04/09/2026";"GAB - APOIO";"109_SEI_0458654_Memoria.pdf";"1735224";"ok"
"04 Compartilhamento de postes";"48500.900503/2024-56";"Regulação da Distribuição: Pleitos sobre Serviços de Distribuição";"110";"0457915";"Memória";"04/09/2026";"GAB - APOIO";"110_SEI_0457915_Memoria.pdf";"3553901";"ok"
"04 Compartilhamento de postes";"48500.900503/2024-56";"Regulação da Distribuição: Pleitos sobre Serviços de Distribuição";"111";"0456081";"Memória";"09/09/2026";"GAB - APOIO";"111_SEI_0456081_Memoria.pdf";"2493708";"ok"
"04 Compartilhamento de postes";"48500.900503/2024-56";"Regulação da Distribuição: Pleitos sobre Serviços de Distribuição";"112";"0452120";"Requerimento de Inclusão em Pauta";"11/09/2026";"GAB II - AMAC";"112_SEI_0452120_Requerimento_de_Inclusao_em_Pauta.html";"86761";"ok"
"04 Compartilhamento de postes";"48500.900503/2024-56";"Regulação da Distribuição: Pleitos sobre Serviços de Distribuição";"113";"0454503";"Voto";"11/09/2026";"GAB II - AMAC";"113_SEI_0454503_Voto.html";"1003406";"ok"
"04 Compartilhamento de postes";"48500.900503/2024-56";"Regulação da Distribuição: Pleitos sobre Serviços de Distribuição";"114";"0454506";"Anexo do Voto - minuta de REN que aprimora regulação";"08/09/2026";"GAB II - AMAC";"114_SEI_0454506_Anexo_do_Voto_minuta_de_REN_que_aprimora_regulacao.pdf";"324743";"ok"
"04 Compartilhamento de postes";"48500.900503/2024-56";"Regulação da Distribuição: Pleitos sobre Serviços de Distribuição";"115";"0454513";"Anexo do Voto - minuta de REN que aprimora regulação";"08/09/2026";"GAB II - AMAC";"115_SEI_0454513_Anexo_do_Voto_minuta_de_REN_que_aprimora_regulacao.pdf";"372151";"ok"
"04 Compartilhamento de postes";"48500.900503/2024-56";"Regulação da Distribuição: Pleitos sobre Serviços de Distribuição";"116";"0454536";"Anexo do voto - minuta de Despacho";"08/09/2026";"GAB II - AMAC";"116_SEI_0454536_Anexo_do_voto_minuta_de_Despacho.pdf";"82940";"ok"
"04 Compartilhamento de postes";"48500.900503/2024-56";"Regulação da Distribuição: Pleitos sobre Serviços de Distribuição";"117";"0454544";"Anexo do voto -";"08/09/2026";"GAB II - AMAC";"117_SEI_0454544_Anexo_do_voto.pdf";"1506413";"ok"
"04 Compartilhamento de postes";"48500.900503/2024-56";"Regulação da Distribuição: Pleitos sobre Serviços de Distribuição";"118";"0454548";"Anexo do voto -";"08/09/2026";"GAB II - AMAC";"118_SEI_0454548_Anexo_do_voto.pdf";"1939398";"ok"
"04 Compartilhamento de postes";"48500.900503/2024-56";"Regulação da Distribuição: Pleitos sobre Serviços de Distribuição";"119";"0454549";"Anexo do voto -";"08/09/2026";"GAB II - AMAC";"119_SEI_0454549_Anexo_do_voto.pdf";"494391";"ok"
"04 Compartilhamento de postes";"48500.900503/2024-56";"Regulação da Distribuição: Pleitos sobre Serviços de Distribuição";"120";"0454561";"Anexo do Voto -";"08/09/2026";"GAB II - AMAC";"120_SEI_0454561_Anexo_do_Voto.pdf";"209442";"ok"
"04 Compartilhamento de postes";"48500.900503/2024-56";"Regulação da Distribuição: Pleitos sobre Serviços de Distribuição";"121";"0457762";"Voto";"15/09/2026";"GAB III - LLS";"121_SEI_0457762_Voto.html";"123253";"ok"
"04 Compartilhamento de postes";"48500.900503/2024-56";"Regulação da Distribuição: Pleitos sobre Serviços de Distribuição";"122";"0454637";"Extrato da Decisão da Diretoria";"10/09/2026";"SGE - PUBLICAÇÃO";"122_SEI_0454637_Extrato_da_Decisao_da_Diretoria.html";"92099";"ok"
"04 Compartilhamento de postes";"48500.900503/2024-56";"Regulação da Distribuição: Pleitos sobre Serviços de Distribuição";"125";"0462558";"Memória";"21/09/2026";"GAB - APOIO";"125_SEI_0462558_Memoria.pdf";"2288144";"ok"
"04 Compartilhamento de postes";"48500.900503/2024-56";"Regulação da Distribuição: Pleitos sobre Serviços de Distribuição";"126";"0464978";"Memória";"23/09/2026";"GAB - APOIO";"126_SEI_0464978_Memoria.pdf";"429611";"ok"
"04 Compartilhamento de postes";"48500.027694/2026-65";"Outorga de Distribuição: Compartilhamento de Infraestrutura";"1";"0462759";"Carta 342";"21/09/2026";"PROTOCOLO-GERAL";"001_SEI_0462759_Carta_342.pdf";"372342";"ok"
"04 Compartilhamento de postes";"48500.027694/2026-65";"Outorga de Distribuição: Compartilhamento de Infraestrutura";"2";"0462760";"Formulário";"21/09/2026";"PROTOCOLO-GERAL";"002_SEI_0462760_Formulario.pdf";"325274";"ok"
"04 Compartilhamento de postes";"48500.027694/2026-65";"Outorga de Distribuição: Compartilhamento de Infraestrutura";"3";"0462761";"Contrato";"12/06/2026";"PROTOCOLO-GERAL";"003_SEI_0462761_Contrato.pdf";"3394890";"ok"
"04 Compartilhamento de postes";"48500.027708/2026-41";"Outorga de Distribuição: Compartilhamento de Infraestrutura";"1";"0462846";"Carta 280";"21/09/2026";"PROTOCOLO-GERAL";"001_SEI_0462846_Carta_280.pdf";"372306";"ok"
"04 Compartilhamento de postes";"48500.027708/2026-41";"Outorga de Distribuição: Compartilhamento de Infraestrutura";"2";"0462847";"Formulário";"21/09/2026";"PROTOCOLO-GERAL";"002_SEI_0462847_Formulario.pdf";"325302";"ok"
"04 Compartilhamento de postes";"48500.027708/2026-41";"Outorga de Distribuição: Compartilhamento de Infraestrutura";"3";"0462848";"Contrato";"23/09/2024";"PROTOCOLO-GERAL";"003_SEI_0462848_Contrato.pdf";"3722702";"ok"
"04 Compartilhamento de postes";"48500.027710/2026-10";"Outorga de Distribuição: Compartilhamento de Infraestrutura";"1";"0462859";"Carta 3386";"21/09/2026";"PROTOCOLO-GERAL";"001_SEI_0462859_Carta_3386.pdf";"371124";"ok"
"04 Compartilhamento de postes";"48500.027710/2026-10";"Outorga de Distribuição: Compartilhamento de Infraestrutura";"2";"0462860";"Formulário";"21/09/2026";"PROTOCOLO-GERAL";"002_SEI_0462860_Formulario.pdf";"325269";"ok"
"04 Compartilhamento de postes";"48500.027710/2026-10";"Outorga de Distribuição: Compartilhamento de Infraestrutura";"3";"0462862";"Contrato";"10/06/2026";"PROTOCOLO-GERAL";"003_SEI_0462862_Contrato.pdf";"3327637";"ok"
"04 Compartilhamento de postes";"48500.027715/2026-42";"Outorga de Distribuição: Compartilhamento de Infraestrutura";"1";"0462906";"Carta 347";"21/09/2026";"PROTOCOLO-GERAL";"001_SEI_0462906_Carta_347.pdf";"371471";"ok"
"04 Compartilhamento de postes";"48500.027715/2026-42";"Outorga de Distribuição: Compartilhamento de Infraestrutura";"2";"0462907";"Formulário";"21/09/2026";"PROTOCOLO-GERAL";"002_SEI_0462907_Formulario.pdf";"325294";"ok"
"04 Compartilhamento de postes";"48500.027715/2026-42";"Outorga de Distribuição: Compartilhamento de Infraestrutura";"3";"0462908";"Contrato";"05/08/2026";"PROTOCOLO-GERAL";"003_SEI_0462908_Contrato.pdf";"3435182";"ok"
"04 Compartilhamento de postes";"48500.027951/2026-69";"Processo Externo - Pendente de Classificação pela Unidade Destinatária";"1";"0465041";"Carta";"21/09/2026";"PROTOCOLO-GERAL";"001_SEI_0465041_Carta.pdf";"145289";"ok"
"04 Compartilhamento de postes";"48500.027951/2026-69";"Processo Externo - Pendente de Classificação pela Unidade Destinatária";"2";"0465042";"Dossiê";"23/09/2026";"PROTOCOLO-GERAL";"002_SEI_0465042_Dossie.mp4";"16824910";"ok"
"04 Compartilhamento de postes";"48500.027951/2026-69";"Processo Externo - Pendente de Classificação pela Unidade Destinatária";"3";"0465043";"Fotografia";"23/09/2026";"PROTOCOLO-GERAL";"003_SEI_0465043_Fotografia.jpeg";"3971615";"ok"
"04 Compartilhamento de postes";"48500.027951/2026-69";"Processo Externo - Pendente de Classificação pela Unidade Destinatária";"4";"0465044";"Fotografia";"23/09/2026";"PROTOCOLO-GERAL";"004_SEI_0465044_Fotografia.jpeg";"3853748";"ok"
"04 Compartilhamento de postes";"48500.027951/2026-69";"Processo Externo - Pendente de Classificação pela Unidade Destinatária";"5";"0465045";"Fotografia";"23/09/2026";"PROTOCOLO-GERAL";"005_SEI_0465045_Fotografia.jpeg";"3709248";"ok"
"04 Compartilhamento de postes";"48500.027641/2026-44";"Outorga de Distribuição: Compartilhamento de Infraestrutura";"1";"0462535";"Carta 72";"21/09/2026";"PROTOCOLO-GERAL";"001_SEI_0462535_Carta_72.pdf";"481401";"ok"
"04 Compartilhamento de postes";"48500.027641/2026-44";"Outorga de Distribuição: Compartilhamento de Infraestrutura";"2";"0462536";"Formulário";"17/09/2026";"PROTOCOLO-GERAL";"";"";"restrito"
"04 Compartilhamento de postes";"48500.027641/2026-44";"Outorga de Distribuição: Compartilhamento de Infraestrutura";"3";"0462538";"Formulário";"21/09/2026";"PROTOCOLO-GERAL";"003_SEI_0462538_Formulario.pdf";"1846142";"ok"
"04 Compartilhamento de postes";"48500.027641/2026-44";"Outorga de Distribuição: Compartilhamento de Infraestrutura";"4";"0462537";"Contrato";"21/09/2026";"PROTOCOLO-GERAL";"";"";"restrito"
"04 Compartilhamento de postes";"48500.027641/2026-44";"Outorga de Distribuição: Compartilhamento de Infraestrutura";"5";"0462539";"Contrato";"21/09/2026";"PROTOCOLO-GERAL";"005_SEI_0462539_Contrato.pdf";"4772287";"ok"
"04 Compartilhamento de postes";"48500.027641/2026-44";"Outorga de Distribuição: Compartilhamento de Infraestrutura";"6";"0462633";"E-mail";"21/09/2026";"PROTOCOLO-GERAL";"006_SEI_0462633_E_mail.html";"1817";"ok"
"04 Compartilhamento de postes";"48500.027746/2026-01";"Outorga de Distribuição: Compartilhamento de Infraestrutura";"1";"0463196";"Carta 149";"18/09/2026";"PROTOCOLO-GERAL";"001_SEI_0463196_Carta_149.pdf";"371544";"ok"
"04 Compartilhamento de postes";"48500.027746/2026-01";"Outorga de Distribuição: Compartilhamento de Infraestrutura";"2";"0463197";"Formulário";"21/09/2026";"PROTOCOLO-GERAL";"002_SEI_0463197_Formulario.pdf";"325809";"ok"
"04 Compartilhamento de postes";"48500.027746/2026-01";"Outorga de Distribuição: Compartilhamento de Infraestrutura";"3";"0463198";"Formulário";"07/08/2026";"PROTOCOLO-GERAL";"003_SEI_0463198_Formulario.pdf";"4961176";"ok"
"04 Compartilhamento de postes";"48500.027750/2026-61";"Outorga de Distribuição: Compartilhamento de Infraestrutura";"1";"0463227";"Carta 150";"18/09/2026";"PROTOCOLO-GERAL";"001_SEI_0463227_Carta_150.pdf";"371303";"ok"
"04 Compartilhamento de postes";"48500.027750/2026-61";"Outorga de Distribuição: Compartilhamento de Infraestrutura";"2";"0463228";"Formulário";"21/09/2026";"PROTOCOLO-GERAL";"002_SEI_0463228_Formulario.pdf";"325823";"ok"
"04 Compartilhamento de postes";"48500.027750/2026-61";"Outorga de Distribuição: Compartilhamento de Infraestrutura";"3";"0463229";"Contrato";"02/09/2026";"PROTOCOLO-GERAL";"003_SEI_0463229_Contrato.pdf";"3127975";"ok"
"04 Compartilhamento de postes";"48500.027757/2026-83";"Outorga de Distribuição: Compartilhamento de Infraestrutura";"1";"0463302";"Carta 151";"18/09/2026";"PROTOCOLO-GERAL";"001_SEI_0463302_Carta_151.pdf";"371656";"ok"
"04 Compartilhamento de postes";"48500.027757/2026-83";"Outorga de Distribuição: Compartilhamento de Infraestrutura";"2";"0463303";"Formulário";"21/09/2026";"PROTOCOLO-GERAL";"002_SEI_0463303_Formulario.pdf";"326506";"ok"
"04 Compartilhamento de postes";"48500.027757/2026-83";"Outorga de Distribuição: Compartilhamento de Infraestrutura";"3";"0463304";"Contrato";"12/08/2026";"PROTOCOLO-GERAL";"003_SEI_0463304_Contrato.pdf";"3424404";"ok"
"04 Compartilhamento de postes";"48500.027814/2026-24";"Outorga de Distribuição: Compartilhamento de Infraestrutura";"1";"0463845";"Carta 155";"18/09/2026";"PROTOCOLO-GERAL";"001_SEI_0463845_Carta_155.pdf";"371564";"ok"
"04 Compartilhamento de postes";"48500.027814/2026-24";"Outorga de Distribuição: Compartilhamento de Infraestrutura";"2";"0463846";"Formulário";"21/09/2026";"PROTOCOLO-GERAL";"002_SEI_0463846_Formulario.pdf";"325834";"ok"
"04 Compartilhamento de postes";"48500.027814/2026-24";"Outorga de Distribuição: Compartilhamento de Infraestrutura";"3";"0463847";"Contrato";"10/08/2026";"PROTOCOLO-GERAL";"003_SEI_0463847_Contrato.pdf";"1990852";"ok"
"04 Compartilhamento de postes";"48500.027815/2026-79";"Outorga de Distribuição: Compartilhamento de Infraestrutura";"1";"0463851";"Carta 156";"18/09/2026";"PROTOCOLO-GERAL";"001_SEI_0463851_Carta_156.pdf";"372075";"ok"
"04 Compartilhamento de postes";"48500.027815/2026-79";"Outorga de Distribuição: Compartilhamento de Infraestrutura";"2";"0463852";"Formulário";"21/09/2026";"PROTOCOLO-GERAL";"002_SEI_0463852_Formulario.pdf";"325741";"ok"
"04 Compartilhamento de postes";"48500.027815/2026-79";"Outorga de Distribuição: Compartilhamento de Infraestrutura";"3";"0463853";"Contrato";"07/08/2026";"PROTOCOLO-GERAL";"003_SEI_0463853_Contrato.pdf";"3594601";"ok"
"04 Compartilhamento de postes";"48500.027628/2026-95";"Outorga de Distribuição: Compartilhamento de Infraestrutura";"1";"0462454";"Carta 98";"21/09/2026";"PROTOCOLO-GERAL";"001_SEI_0462454_Carta_98.pdf";"520345";"ok"
"04 Compartilhamento de postes";"48500.027628/2026-95";"Outorga de Distribuição: Compartilhamento de Infraestrutura";"2";"0462455";"Contrato";"21/09/2026";"PROTOCOLO-GERAL";"";"";"restrito"
"04 Compartilhamento de postes";"48500.027628/2026-95";"Outorga de Distribuição: Compartilhamento de Infraestrutura";"3";"0462456";"Formulário";"21/09/2026";"PROTOCOLO-GERAL";"";"";"restrito"
"04 Compartilhamento de postes";"48500.027628/2026-95";"Outorga de Distribuição: Compartilhamento de Infraestrutura";"4";"0462458";"Contrato";"21/09/2026";"PROTOCOLO-GERAL";"";"";"restrito"
"04 Compartilhamento de postes";"48500.027628/2026-95";"Outorga de Distribuição: Compartilhamento de Infraestrutura";"5";"0462459";"Formulário";"21/09/2026";"PROTOCOLO-GERAL";"";"";"restrito"
"04 Compartilhamento de postes";"48500.027628/2026-95";"Outorga de Distribuição: Compartilhamento de Infraestrutura";"6";"0462460";"Formulário";"21/09/2026";"PROTOCOLO-GERAL";"";"";"restrito"
"04 Compartilhamento de postes";"48500.027628/2026-95";"Outorga de Distribuição: Compartilhamento de Infraestrutura";"7";"0462461";"Formulário";"21/09/2026";"PROTOCOLO-GERAL";"";"";"restrito"
"04 Compartilhamento de postes";"48500.027628/2026-95";"Outorga de Distribuição: Compartilhamento de Infraestrutura";"8";"0462462";"Formulário";"21/09/2026";"PROTOCOLO-GERAL";"";"";"restrito"
"04 Compartilhamento de postes";"48500.027628/2026-95";"Outorga de Distribuição: Compartilhamento de Infraestrutura";"9";"0462463";"Contrato";"21/09/2026";"PROTOCOLO-GERAL";"";"";"restrito"
"04 Compartilhamento de postes";"48500.027628/2026-95";"Outorga de Distribuição: Compartilhamento de Infraestrutura";"10";"0462464";"Contrato";"21/09/2026";"PROTOCOLO-GERAL";"";"";"restrito"
"04 Compartilhamento de postes";"48500.027628/2026-95";"Outorga de Distribuição: Compartilhamento de Infraestrutura";"11";"0462465";"Contrato";"21/09/2026";"PROTOCOLO-GERAL";"";"";"restrito"
"04 Compartilhamento de postes";"48500.027628/2026-95";"Outorga de Distribuição: Compartilhamento de Infraestrutura";"12";"0462466";"Formulário";"21/09/2026";"PROTOCOLO-GERAL";"012_SEI_0462466_Formulario.pdf";"701705";"ok"
"04 Compartilhamento de postes";"48500.027628/2026-95";"Outorga de Distribuição: Compartilhamento de Infraestrutura";"13";"0462467";"Formulário";"21/09/2026";"PROTOCOLO-GERAL";"013_SEI_0462467_Formulario.pdf";"706536";"ok"
"04 Compartilhamento de postes";"48500.027628/2026-95";"Outorga de Distribuição: Compartilhamento de Infraestrutura";"14";"0462468";"Formulário";"21/09/2026";"PROTOCOLO-GERAL";"014_SEI_0462468_Formulario.pdf";"702892";"ok"
"04 Compartilhamento de postes";"48500.027628/2026-95";"Outorga de Distribuição: Compartilhamento de Infraestrutura";"15";"0462469";"Formulário";"21/09/2026";"PROTOCOLO-GERAL";"015_SEI_0462469_Formulario.pdf";"705580";"ok"
"04 Compartilhamento de postes";"48500.027628/2026-95";"Outorga de Distribuição: Compartilhamento de Infraestrutura";"16";"0462470";"Contrato";"21/09/2026";"PROTOCOLO-GERAL";"016_SEI_0462470_Contrato.pdf";"5005745";"ok"
"04 Compartilhamento de postes";"48500.027628/2026-95";"Outorga de Distribuição: Compartilhamento de Infraestrutura";"17";"0462471";"Contrato";"21/09/2026";"PROTOCOLO-GERAL";"017_SEI_0462471_Contrato.pdf";"2876487";"ok"
"04 Compartilhamento de postes";"48500.027628/2026-95";"Outorga de Distribuição: Compartilhamento de Infraestrutura";"18";"0462472";"Contrato";"21/09/2026";"PROTOCOLO-GERAL";"018_SEI_0462472_Contrato.pdf";"4325686";"ok"
"04 Compartilhamento de postes";"48500.027628/2026-95";"Outorga de Distribuição: Compartilhamento de Infraestrutura";"19";"0462473";"Contrato";"21/09/2026";"PROTOCOLO-GERAL";"019_SEI_0462473_Contrato.pdf";"2962986";"ok"
"04 Compartilhamento de postes";"48500.027628/2026-95";"Outorga de Distribuição: Compartilhamento de Infraestrutura";"20";"0462474";"Contrato";"21/09/2026";"PROTOCOLO-GERAL";"020_SEI_0462474_Contrato.pdf";"994056";"ok"
"04 Compartilhamento de postes";"48500.027628/2026-95";"Outorga de Distribuição: Compartilhamento de Infraestrutura";"21";"0462475";"Formulário";"21/09/2026";"PROTOCOLO-GERAL";"021_SEI_0462475_Formulario.pdf";"304951";"ok"
"04 Compartilhamento de postes";"48500.027628/2026-95";"Outorga de Distribuição: Compartilhamento de Infraestrutura";"22";"0462496";"E-mail";"21/09/2026";"PROTOCOLO-GERAL";"022_SEI_0462496_E_mail.html";"1819";"ok"
"04 Compartilhamento de postes";"48500.027929/2026-19";"Outorga de Distribuição: Compartilhamento de Infraestrutura";"1";"0464926";"Carta 107";"17/09/2026";"PROTOCOLO-GERAL";"001_SEI_0464926_Carta_107.pdf";"372538";"ok"
"04 Compartilhamento de postes";"48500.027929/2026-19";"Outorga de Distribuição: Compartilhamento de Infraestrutura";"2";"0464927";"Contrato";"07/08/2026";"PROTOCOLO-GERAL";"002_SEI_0464927_Contrato.pdf";"1610755";"ok"
"04 Compartilhamento de postes";"48500.027929/2026-19";"Outorga de Distribuição: Compartilhamento de Infraestrutura";"3";"0464928";"Formulário";"21/09/2026";"PROTOCOLO-GERAL";"003_SEI_0464928_Formulario.pdf";"325335";"ok"
"04 Compartilhamento de postes";"48500.027935/2026-76";"Outorga de Distribuição: Compartilhamento de Infraestrutura";"1";"0464970";"Carta 108";"17/09/2026";"PROTOCOLO-GERAL";"001_SEI_0464970_Carta_108.pdf";"371805";"ok"
"04 Compartilhamento de postes";"48500.027935/2026-76";"Outorga de Distribuição: Compartilhamento de Infraestrutura";"2";"0464971";"Formulário";"21/09/2026";"PROTOCOLO-GERAL";"002_SEI_0464971_Formulario.pdf";"325183";"ok"
"04 Compartilhamento de postes";"48500.027935/2026-76";"Outorga de Distribuição: Compartilhamento de Infraestrutura";"3";"0464972";"Contrato";"10/08/2026";"PROTOCOLO-GERAL";"003_SEI_0464972_Contrato.pdf";"1902069";"ok"
"04 Compartilhamento de postes";"48500.027248/2026-51";"Relações Interinstitucionais: Judiciário, Ministérios Públicos, Defensorias e Polícias.";"1";"0459684";"Ofício 0017642-91.2025.8.16.0194";"29/06/2026";"PROTOCOLO-GERAL";"001_SEI_0459684_Oficio_0017642_91_2025_8_16_0194.pdf";"457211";"ok"
"04 Compartilhamento de postes";"48500.027248/2026-51";"Relações Interinstitucionais: Judiciário, Ministérios Públicos, Defensorias e Polícias.";"2";"0460792";"Despacho de Mero Expediente 214";"18/09/2026";"ARI";"002_SEI_0460792_Despacho_de_Mero_Expediente_214.html";"87188";"ok"
"04 Compartilhamento de postes";"48500.027423/2026-18";"Outorga de Distribuição: Compartilhamento de Infraestrutura";"1";"0460890";"Carta 271";"25/06/2026";"PROTOCOLO-GERAL";"001_SEI_0460890_Carta_271.pdf";"373095";"ok"
"04 Compartilhamento de postes";"48500.027423/2026-18";"Outorga de Distribuição: Compartilhamento de Infraestrutura";"2";"0460891";"Formulário";"18/09/2026";"PROTOCOLO-GERAL";"002_SEI_0460891_Formulario.pdf";"237688";"ok"
"04 Compartilhamento de postes";"48500.027423/2026-18";"Outorga de Distribuição: Compartilhamento de Infraestrutura";"3";"0460892";"Contrato";"18/09/2026";"PROTOCOLO-GERAL";"003_SEI_0460892_Contrato.pdf";"1093911";"ok"
"04 Compartilhamento de postes";"48500.027430/2026-10";"Outorga de Distribuição: Compartilhamento de Infraestrutura";"1";"0460935";"Carta N° 243/2026 - Homologação de Contrato de";"25/06/2026";"PROTOCOLO-GERAL";"001_SEI_0460935_Carta_N_243_2026_Homologacao_de_Contrato_de.pdf";"372848";"ok"
"04 Compartilhamento de postes";"48500.027430/2026-10";"Outorga de Distribuição: Compartilhamento de Infraestrutura";"2";"0460936";"Formulário N° 430/2026 - Adequação dos Contratos";"07/04/2026";"PROTOCOLO-GERAL";"002_SEI_0460936_Formulario_N_430_2026_Adequacao_dos_Contratos.pdf";"237793";"ok"
"04 Compartilhamento de postes";"48500.027430/2026-10";"Outorga de Distribuição: Compartilhamento de Infraestrutura";"3";"0460937";"Contrato N° 430/2026 -";"18/09/2026";"PROTOCOLO-GERAL";"003_SEI_0460937_Contrato_N_430_2026.pdf";"4138838";"ok"
"04 Compartilhamento de postes";"48500.027345/2026-43";"Outorga de Distribuição: Compartilhamento de Infraestrutura";"1";"0460369";"Carta 94";"16/09/2026";"PROTOCOLO-GERAL";"001_SEI_0460369_Carta_94.pdf";"280308";"ok"
"04 Compartilhamento de postes";"48500.027345/2026-43";"Outorga de Distribuição: Compartilhamento de Infraestrutura";"2";"0460370";"Formulário";"16/04/2026";"PROTOCOLO-GERAL";"002_SEI_0460370_Formulario.pdf";"219189";"ok"
"04 Compartilhamento de postes";"48500.027345/2026-43";"Outorga de Distribuição: Compartilhamento de Infraestrutura";"3";"0460371";"Contrato";"17/09/2026";"PROTOCOLO-GERAL";"003_SEI_0460371_Contrato.pdf";"3025897";"ok"
"04 Compartilhamento de postes";"48500.027365/2026-14";"Outorga de Distribuição: Compartilhamento de Infraestrutura";"1";"0460559";"Carta 239";"25/06/2026";"PROTOCOLO-GERAL";"001_SEI_0460559_Carta_239.pdf";"371738";"ok"
"04 Compartilhamento de postes";"48500.027365/2026-14";"Outorga de Distribuição: Compartilhamento de Infraestrutura";"2";"0460560";"Contrato 244/2024";"17/09/2026";"PROTOCOLO-GERAL";"002_SEI_0460560_Contrato_244_2024.pdf";"1800464";"ok"
"04 Compartilhamento de postes";"48500.027365/2026-14";"Outorga de Distribuição: Compartilhamento de Infraestrutura";"3";"0460561";"Formulário";"17/09/2026";"PROTOCOLO-GERAL";"003_SEI_0460561_Formulario.pdf";"237519";"ok"
"04 Compartilhamento de postes";"48500.027376/2026-02";"Outorga de Distribuição: Compartilhamento de Infraestrutura";"1";"0460635";"Carta N° 207/2026 - Homologação de Contrato de";"28/05/2026";"PROTOCOLO-GERAL";"001_SEI_0460635_Carta_N_207_2026_Homologacao_de_Contrato_de.pdf";"384879";"ok"
"04 Compartilhamento de postes";"48500.027376/2026-02";"Outorga de Distribuição: Compartilhamento de Infraestrutura";"2";"0460636";"Formulário N° 262/2024 - Adequação dos Contratos";"23/08/2026";"PROTOCOLO-GERAL";"002_SEI_0460636_Formulario_N_262_2024_Adequacao_dos_Contratos.pdf";"233774";"ok"
"04 Compartilhamento de postes";"48500.027376/2026-02";"Outorga de Distribuição: Compartilhamento de Infraestrutura";"3";"0460637";"Contrato N° 262/2024 -";"17/09/2026";"PROTOCOLO-GERAL";"003_SEI_0460637_Contrato_N_262_2024.pdf";"3598921";"ok"
"04 Compartilhamento de postes";"48500.027931/2026-98";"Outorga de Distribuição: Compartilhamento de Infraestrutura";"1";"0464946";"Carta 103";"17/09/2026";"PROTOCOLO-GERAL";"001_SEI_0464946_Carta_103.pdf";"373153";"ok"
"04 Compartilhamento de postes";"48500.027931/2026-98";"Outorga de Distribuição: Compartilhamento de Infraestrutura";"2";"0464947";"Formulário";"02/06/2026";"PROTOCOLO-GERAL";"002_SEI_0464947_Formulario.pdf";"325183";"ok"
"04 Compartilhamento de postes";"48500.027931/2026-98";"Outorga de Distribuição: Compartilhamento de Infraestrutura";"3";"0464948";"Contrato";"03/09/2026";"PROTOCOLO-GERAL";"003_SEI_0464948_Contrato.pdf";"3002859";"ok"